collection,family,one_sentence_identity,target_customer,hero_objects,supporting_objects,keywords,status
Dragon Reader,Fantasy,"Ancient dragons guarding treasure.",Adult fantasy and romantasy readers,"adult dragon coiled around treasure; dragon perched on antique books; flying dragon; dragon egg on books","crowns; keys; coins; roses; stars; scrollwork","ancient; powerful; collectible; bookish; premium",Proven
Cozy Romantasy,Romance,"Small-town romance warmth with a subtle magical bookstore glow.",Cozy romance and Hallmark-style readers,"ribbon-tied antique books; teacup with open book; wax-sealed love letter; heart lock","roses; peonies; bows; vintage key; candle; perfume bottle; cherries","warm; romantic; small-town; Gilmore Girls; elegant",Testing
Reader's Court,Romantasy,"A secret celestial society where readers are royalty.",Romantasy and BookTok readers,"minimal celestial crest; crossed swords; crowned antique books; ornate framed quote","moons; stars; roses; keys; celestial flourishes","royal; secret society; celestial; morally gray; elegant",Planned
Murder Mystery,Mystery,"A detective's desk filled with clues from a classic bookstore murder case.",Mystery and thriller readers,"case file; magnifying glass; typewriter; evidence board object cluster","poison bottle; pocket watch; key; coffee; fingerprint; rose","detective; suspense; classic mystery; clues",Proven
Dark Academia,Gothic,"An old scholar's study built from books, secrets, and candlelight.",Dark academia and gothic readers,"classical bust; stacked books with candle; raven; ornate clock","wax seal; key; ink bottle; pressed flower; architectural flourish","scholarly; moody; antique; secretive",Planned
Fantasy Apothecary,Fantasy,"A magical herbalist's library of potions and ancient knowledge.",Fantasy and cottagecore readers,"ornate potion bottle; mortar and pestle; botanical spell book; apothecary cabinet object","herbs; mushrooms; moon; jars; crystals; labels without text","herbal; magical; botanical; curious",Planned
Full Moon Book Garden,Nature Fantasy,"A moonlit garden where books bloom among flowers.",Witchy, botanical, and cozy fantasy readers,"crescent moon over books; flower-filled open book; garden lantern; ornate gate","moths; mushrooms; wildflowers; stars; vines","moonlit; botanical; enchanted; soft gothic",Proven
Enchanted Library,Fantasy,"A hidden library where every book carries a little magic.",General fantasy and book lovers,"floating book stack; library ladder with books; glowing open book; ornate key","candles; scrolls; stars; bookmarks; celestial flourishes","library; magical; timeless; wonder",Planned
Morally Gray Society,Dark Romance,"An elegant reading society for dangerous choices and irresistible characters.",Dark romance and romantasy readers,"black rose crest; ornate dagger with books; crown and sealed letter; heart lock","chains; keys; moons; thorny vines; stars","dark romance; dangerous; seductive; refined",Planned
Enemies to Lovers,Romance,"A romantic rivalry told through crossed symbols, letters, and roses.",Romance and romantasy readers,"crossed swords with rose; opposing book stacks tied together; two wax letters; ornate heart lock","ribbons; thorns; keys; crowns; sparks","tension; rivalry; romance; banter",Planned
Book Boyfriend Society,Romance,"A symbolic love letter to unforgettable fictional heroes.",Romance readers and gift buyers,"sealed love letter on books; sword and rose; crowned book stack; ornate locket","keys; ribbons; horseshoe; flowers; stars","romantic; heroic; collectible; giftable",Planned
Haunted Library,Gothic,"A beautiful old library where the books may not be entirely alone.",Paranormal, gothic, and horror readers,"ghostly open book; haunted bookshelf object; ornate mirror; raven on books","candles; keys; moths; cobweb accents; moon","haunted; literary; eerie; elegant",Planned
Locked Room Mystery,Mystery,"A sealed-room puzzle built from clues, keys, and impossible evidence.",Classic mystery and puzzle readers,"ornate locked door; key ring and case file; clock with clue; magnifying glass over book","footprints; wax seal; torn note; candle; rose","puzzle; impossible crime; clues; suspense",Planned
Coffee and Chapters,Everyday Bookish,"A polished everyday reading ritual built around coffee and books.",Broad bookstore audience and gift buyers,"coffee cup on books; open book with pastry; moka pot and bookmark; bookstore tote object","coffee beans; candles; glasses; flowers; stars","coffee; reading; everyday; giftable",Planned
Tea and Tales,Everyday Bookish,"An elegant tea-table reading ritual for slow afternoons.",Tea drinkers and cozy readers,"ornate teacup with book; teapot and stacked novels; tea tin with bookmark; floral book stack","tea leaves; lemon; spoon; flowers; candle","tea; slow reading; refined; cozy",Planned
Rainy Day Reads,Everyday Bookish,"A rainy bookstore afternoon captured through crisp, traceable reading symbols.",Cozy readers and general gift buyers,"umbrella with books; rain boots beside book stack; window-shaped book frame; hot drink and novel","raindrops; clouds; candle; leaves; bookmark","rainy; comforting; bookstore; calm",Planned
Bookstore Date,Romance,"A charming date built around browsing shelves, coffee, and exchanged books.",Romance readers and bookstore shoppers,"two coffee cups with books; exchanged ribbon-tied novels; storefront-shaped book frame; flowers and receipt","roses; hearts; bookmark; pastry; key","date; bookstore; romantic; charming",Planned
Literary Escape,Travel Bookish,"Books, maps, and keepsakes for readers who travel through stories.",Travel readers and broad bookstore audiences,"open book with map; vintage suitcase with novels; compass on books; passport-style journal","luggage tags; pressed flowers; lantern; key; stars","travel; adventure; literary; timeless",Planned
Wildflower Library,Nature Bookish,"A timeless library collection softened by loose wildflowers and botanical details.",Botanical and general book lovers,"books overflowing with wildflowers; floral open book; antique library card cabinet object; lantern with flowers","moths; leaves; seed packets without text; keys; stars","botanical; library; natural; elegant",Planned
Autumn Reader,Seasonal,"A crisp fall reading collection built from books, leaves, and harvest details.",Seasonal shoppers and cozy readers,"pumpkin with books; maple-leaf book stack; hot cider and open novel; lantern","acorns; leaves; cinnamon sticks; candle; stars","autumn; harvest; cozy; seasonal",Planned
Winter Library,Seasonal,"An elegant winter reading collection without turning into generic Christmas art.",Winter shoppers and bookstores,"snow-dusted books; lantern with winter greenery; ornate mug and novel; celestial snowflake crest","pine sprigs; stars; bells; ribbon; snowflakes","winter; literary; elegant; seasonal",Planned
